<?xml version="1.0" encoding="UTF-8"?>
<!-- Generated by: http://www.phpclasses.org/xmlwriter $Revision: 1.32 $ -->
<events>
 <copyright>This document and the information found herewithin may be reproduced and redistributed in any form with the following stipultions: (1) The repoduced information must be freely available. (2) The original source of this information, the Internet Juggling Database (IJDb), must be cited. (3) If the information is reproduced on the internet as a website or in any other form it must be updated at least once a month.</copyright>
 <event id="7818">
  <name>THE FLYING KARAMAZOV BROTHERS</name>
  <type>Shows</type>
  <time>
   <start>2010-11-26</start>
   <duration>45</duration>
  </time>
  <location>
   <country>United States</country>
   <address>Minetta Lane Theatre, New York, NY</address>
  </location>
  <contact>
   <website>http://www.ticketmaster.com/Flying-Karamazov-Brothers-tickets/artist/1509127</website>
   <email>FKBcasting@frankelgreen.com</email>
  </contact>
  <description>Four times triumphant on Broadway, the award-winning Flying Karamazov Brothers are back in an unforgettable spectacle of music, comedy, dance, theater and juggling. 100 minutes of cleverness and comedy go by in a flash. Its the Juilliard String Quartet meets Monty Python, and as close to a sure thing as can be found onstage. Its unleashed fun. Come join the Flying Ks in proving, with each unique performance, that the unexpected events in our lives are the best part of being human.</description>
 </event>
 <event id="7794">
  <name>Turbo Fest</name>
  <type>Juggling Conventions</type>
  <time>
   <start>2011-01-07</start>
   <duration>3</duration>
  </time>
  <location>
   <country>Canada</country>
   <address>École de cirque de Québec</address>
  </location>
  <contact>
   <website>http://www.turbo418.com</website>
   <email>info@turbo418.com</email>
  </contact>
  <description>This is our fifth event, guys, so it will be big!
48 hours of consecutive juggling
Possibility to sleep there
food and drinks available
Public Show
Workshops
Special guests
And much more!!!!</description>
 </event>
 <event id="7815">
  <name>Danish Juggling Convention 2011</name>
  <type>Juggling Conventions</type>
  <time>
   <start>2011-01-07</start>
   <duration>3</duration>
  </time>
  <location>
   <country>Denmark</country>
   <address>Århus, Globus 1, Gellerup</address>
  </location>
  <contact>
   <website>http://www.dansk-jonglor-traef.dk/</website>
   <email/>
  </contact>
  <description/>
 </event>
 <event id="7816">
  <name>47th Annual MadFest Juggling Festival 2011</name>
  <type>Juggling Conventions</type>
  <time>
   <start>2011-01-14</start>
   <duration>3</duration>
  </time>
  <location>
   <country>United States</country>
   <address>Madison, Wisconsin</address>
  </location>
  <contact>
   <website>http://www.madjugglers.com/madfest/</website>
   <email/>
  </contact>
  <description>See website for further details.

47th Annual MadFest, Madison, WI, USA.
January 14-16, 2011</description>
 </event>
 <event id="7777">
  <name>Tropical Islands Invasion IV</name>
  <type>Juggling Conventions</type>
  <time>
   <start>2011-01-24</start>
   <duration>6</duration>
  </time>
  <location>
   <country>Germany</country>
   <address>Tropical Islands Resort, Brand. (Berlin)</address>
  </location>
  <contact>
   <website>http://www.emeraldcircus.com/forum/viewforum.php?f=87</website>
   <email>divinerestoration2005@yahoo.co.uk</email>
  </contact>
  <description>More a jugglers holiday then a convention as there's no planned workshops or shows apart from a renegade...

The Tropical Islands Invasion is like a flashmob of jugglers but it lasts a week! For about 5 days in the new year jugglers from all over (but mostly from Ireland) shall invade the Tropical Islands resort. We arrive, unpack our stuff into lockers and then go juggle, swim, chill on the sun longers by the beach, stroll through the tropical rain forest or take it all in up high in the hot air balloon. When it all gets too much w...e hit the saunas, steam rooms, whirlpools, jacuzzi, massage treatments, sunbeds, meditation rooms and so on. For those that feel its too peaceful and relaxing theres a gym to get some excercise in

Oh and theres a number of bars one of which stays open 24/7, but you guys wouldnt be interested in these at all would ya? :) Day and night means little in the dome, and one runs into the other without you realising it a lot of the time

Full details for this event can be found and discussed at the forum below. Please keep all discussion and questions to this forum so everyone has the chance to join in, last year there was 2 main discussions on this event and it was hard to keep track of both an each had to be updated to reflect the other making unnessecary work for organisers...

Link: http://www.emeraldcircus.com/forum/viewforum.php?f=87</description>
 </event>
 <event id="7814">
  <name>CHOCFEST - York's Juggling Convention</name>
  <type>Juggling Conventions</type>
  <time>
   <start>2011-01-29</start>
   <duration>1</duration>
  </time>
  <location>
   <country>United Kingdom</country>
   <address>The Joseph Rowntree School, Haxby Road, York, YO32 4BZ</address>
  </location>
  <contact>
   <website>http://www.chocfest.net/</website>
   <email/>
  </contact>
  <description>Sweet 16, a juggling convention full of chocolatey goodness, including the Chocfest Chocolate Cake Contest. 
The day will include a full day of activities climaxing in the Chocfest Show, a chance to see exciting acts from local performers to world-class international juggling talent. Back in Joseph Rowntree School (now they have finished rebuilding it).</description>
 </event>
 <event id="7821">
  <name>JugglersPark</name>
  <type>Shows</type>
  <time>
   <start>2011-01-29</start>
   <duration>1</duration>
  </time>
  <location>
   <country>Germany</country>
   <address>Statthaus Böcklerpark | Prinzenstraße 1 | Berlin</address>
  </location>
  <contact>
   <website/>
   <email>niklas-aumueller@hotmail.de</email>
  </contact>
  <description>Die 15.te OpenStage der Berliner Jongleure im Statthaus Böcklerpark.

Beginn 19:30 Uhr
Eintritt: frei

wer auftreten möchte meldet sich entweder bei mir oder kommt spontan am 29.1.2011 ab 14:00 ins Statthaus</description>
 </event>
 <event id="7758">
  <name>Groundhog Day Jugglers Festival</name>
  <type>Juggling Conventions</type>
  <time>
   <start>2011-02-04</start>
   <duration>3</duration>
  </time>
  <location>
   <country>United States</country>
   <address>Yaarab Shrine Center in Atlanta, Georgia</address>
  </location>
  <contact>
   <website>http://atlantajugglers.org/festivals/gh11.htm</website>
   <email>aja@atlantajugglers.org</email>
  </contact>
  <description>Open juggling all weekend in large recreation hall, competition/public show on Saturday afternoon, late night cabaret on Saturday</description>
 </event>
 <event id="7813">
  <name>Damento Fest 2011</name>
  <type>Juggling Conventions</type>
  <time>
   <start>2011-02-04</start>
   <duration>3</duration>
  </time>
  <location>
   <country>United States</country>
   <address>George Washington Carver Highshool in Rancho Cordova, CA</address>
  </location>
  <contact>
   <website>http://damento.org</website>
   <email>MrNutterbutter@ymail.com</email>
  </contact>
  <description>Line-up of performers and other details are currently in progress. 

More information will be posted as soon as it is available. </description>
 </event>
 <event id="7743">
  <name>9. Havixbecker Convention</name>
  <type>Juggling Conventions</type>
  <time>
   <start>2011-02-11</start>
   <duration>3</duration>
  </time>
  <location>
   <country>Germany</country>
   <address>Gesamtschule Havixbeck</address>
  </location>
  <contact>
   <website>http://www.convention-havixbeck.de</website>
   <email>fragen@convention-havixbeck.de</email>
  </contact>
  <description>Small, comfy convention for jugglers and acrobats in Havixbeck (near Münster, close the Netherlands)

More details (e.g. whether we'll get the swimming pool again) soonish.

Kleine, gemütliche Jonglier- und Akrobatikconvention in Havixbeck bei Münster</description>
 </event>
 <event id="7792">
  <name>Ballring Convention 2011</name>
  <type>Juggling Conventions</type>
  <time>
   <start>2011-02-12</start>
   <duration>1</duration>
  </time>
  <location>
   <country>United Kingdom</country>
   <address>University of Birmingham</address>
  </location>
  <contact>
   <website>http://www.ballring.net</website>
   <email>gigs@purplemermaid.net</email>
  </contact>
  <description>Purple Mermaid Circus Society Presents Birmingham's 10th Ballring convention. Join us!! We're kicking off at 10:30am and have a full day planned, followed by a professional evening show.</description>
 </event>
 <event id="7828">
  <name>Volleyclubturnier im Rahmen der 9. Havixbecker Sciention !</name>
  <type>Juggling Conventions</type>
  <time>
   <start>2011-02-12</start>
   <duration>1</duration>
  </time>
  <location>
   <country>Germany</country>
   <address>Gesamtschule Havixbeck</address>
  </location>
  <contact>
   <website>http://convention-havixbeck.de</website>
   <email>turnier@convention-havixbeck.de</email>
  </contact>
  <description>Im Rahmen der 9. Havixbecker Sciention
wird es ein kleines VOLLEYCLUBTURNIER am Samstag geben. Dazu bitte voranmelden, da begrenzte Teilnehmerzahl. ;-)
(Siehe Homepage)</description>
 </event>
 <event id="7812">
  <name>Victoria Juggling Festival</name>
  <type>Juggling Conventions</type>
  <time>
   <start>2011-02-18</start>
   <duration>3</duration>
  </time>
  <location>
   <country>Canada</country>
   <address>University of Victoria</address>
  </location>
  <contact>
   <website>http://web.uvic.ca/~juggling/</website>
   <email>juggling@uvic.ca</email>
  </contact>
  <description>Our not-even-remotely-annual festival is at it again!  Open juggling, workshops and games throughout the days plus a Renegade show and a Gala show!  More details including performers and pricing still TBA.  Check out our website for ongoing updates.</description>
 </event>
 <event id="7826">
  <name>Winter Juggling Convention (Winter Jongleer Weekend)</name>
  <type>Juggling Conventions</type>
  <time>
   <start>2011-02-18</start>
   <duration>3</duration>
  </time>
  <location>
   <country>Netherlands</country>
   <address>Heerlen</address>
  </location>
  <contact>
   <website>http://www.jongleercollectief.nl</website>
   <email>mail@jongleercollectief.nl</email>
  </contact>
  <description>On 18, 19, 20 februari 2011 

'Jongleercollectief' volunteers will be organising edition 10 of the Winter Juggling Weekend.
Later you'll find more information on this site.
General WJW Information

What is the Winter Juggling Weekend?
Short intro for new visitors: The Winter Juggling Weekend is one of the two yearly conventions organised by the foundation 'Jongleer Collectief Limburg' to encourage juggling and unicycling in the Netherlands, the province of Limburg, the Euregio and the city of Heerlen.

The main objective is participation! Enjoy the nice ambiance and learn juggling if you can't already, or learn more if you can!
What can I enjoy at the WJW?

Often these things are programmed:

    * workshops for everyone willing to learn juggling or unicycling
    * friday to sunday having fun juggling with your jugglingfriends!
    * workshops for advanced participants by advanced participants
    * indoor trial unicycling objects
    * to the swimming pool for relaxation!
    * at night a podium to watch good and funny acts
    * club combat tournament
    * meals and sleeping included for weekend participants
    * and furthermore all the nice ideas that you come up with! </description>
 </event>
 <event id="7829">
  <name>Jugglefest XVIII</name>
  <type>Juggling Conventions</type>
  <time>
   <start>2011-02-25</start>
   <duration>3</duration>
  </time>
  <location>
   <country>United States</country>
   <address>University of Texas, Austin</address>
  </location>
  <contact>
   <website>http://juggling.place.org/jugglefest/</website>
   <email>jmax@place.org</email>
  </contact>
  <description>The 18th annual Jugglefest is a 3-day convention with numerous games, workshops, renegade show, public show, and more!  Featuring the talents of Texas Juggling Society members as well as special guests including:
Doug Sayers
Josh Horton
Taylor Glenn
Arsene Dupin
Kelsey Strauch
Jules McEvoy-Schaefer
Christopher Haaser</description>
 </event>
 <event id="7725">
  <name>Bath UpChuck 2011</name>
  <type>Juggling Conventions</type>
  <time>
   <start>2011-02-26</start>
   <duration>1</duration>
  </time>
  <location>
   <country>United Kingdom</country>
   <address>University of Bath</address>
  </location>
  <contact>
   <website>http://www.bathupchuck.co.uk</website>
   <email>convention@bathupchuck.co.uk</email>
  </contact>
  <description>The third Bath UpChuck juggling convention organised by Gravity Vomit. It's an amazing 1 day convention with a huge hall and amazing evening show - don't miss out!</description>
 </event>
 <event id="7827">
  <name>Jugando con números: taller/grupo de trabajo sobre malabares y matemáticas</name>
  <type>Workshops</type>
  <time>
   <start>2011-03-04</start>
   <duration>13</duration>
  </time>
  <location>
   <country>Spain</country>
   <address>Centro de cultura digital Medialab-Prado en Madrid</address>
  </location>
  <contact>
   <website>http://medialab-prado.es/article/jugando_con_numeros</website>
   <email>difusion@medialab-prado.es</email>
  </contact>
  <description>Jugando con Números es un punto de encuentro interdisciplinar y un laboratorio creativo sobre matemáticas, malabares y programación, vinculados mediante el arte interactivo y multimedia. Esto se materializa en una serie de seminarios técnicos y creativos sobre las disciplinas mencionadas, todos ellos de asistencia libre y gratuita. También se llevará a cabo un bloque de talleres de producción para generar piezas artísticas relacionadas con estos temas. 
CONVOCATORIA ABIERTA PARA EL DESARROLLO DE PROYECTOS HASTA EL 4 DE FEBRERO 2011:
Convocatoria abierta para la selección de proyectos y su posterior desarrollo colaborativo en el taller Jugando con números, un punto de encuentro interdisciplinar y un laboratorio creativo sobre matemáticas, malabares y programación en el ámbito del arte interactivo y multimedia.

Los proyectos que se seleccionen para su posterior desarrollo pueden estar relacionados con: performance, instalaciones, video-arte, herramientas, software, juegos o cualquier otro género artístico. El objetivo es fomentar el diálogo entre matemáticos, programadores, artistas, malabaristas, performers, coreógrafos, ingenieros, especialistas en hardware o software, etc. y, para ello, el taller se articula siguiendo el modo de trabajo colaborativo propio de los talleres de Medialab-Prado.

Se seleccionará un máximo de ocho propuestas, que pueden presentarse tanto individualmente como en colectivo.

Envía tu proyecto antes del 4 de febrero 2011. Inscripción gratuita.

Más información, bases de la convocatoria y formulario de envío:
http://medialab-prado.es/article/jugando_con_numeros</description>
 </event>
 <event id="7800">
  <name>Professional Residential Clown Course</name>
  <type>Workshops</type>
  <time>
   <start>2011-03-06</start>
   <duration>28</duration>
  </time>
  <location>
   <country>Spain</country>
   <address>Escola de Clown de Barcelona</address>
  </location>
  <contact>
   <website>http://www.escoladeclown.eu</website>
   <email>info@escoladeclown.eu</email>
  </contact>
  <description>PROFESSIONAL RESIDENTIAL CLOWN COURSE:
Taught in English and Castelliano. 

6th March  3rd April 2011
144 hours, 6 days/week, 6 hours/day 

You can find full details here:
http://www.escoladeclown.eu/english/long%20courses.html

Or call us on +34 933042486 or +34 622 110 537 
Or email us at: info@escoladeclown.eu

The Professional Clown Course is a residential course with a total of 288 hours of classes, spread over a 6-day week.
This course offers a broad training ranging from the pleasure of play, of life, which is the driving force of Clown, to the creation of Clown numbers in the final performance. We will work through the various stages of the Clown process: openness, pleasure, humility, freedom, craziness, ridiculousness, imbalance, status, generosity, the flop, intelligence and types of intelligence or stupidity, sharing with and giving to the audience, the mirror effect, the relationship with other clowns (solos/duos/trios/ensembles) and with the audience, admiration, sincerity, focus, surprise, energy, failure and success... How to speak as Clown? How to dress as Clown? How to think as Clown? Ways of creating a Clown number: from improvisation to a script, with text or without, traditional or contemporary, with or without music, with or without props. What is the difference between performing for adults and children, in the street and in the theatre? How to work from your own personality and knowledge in order to create a number. The rules of humour. The Clown and other disciplines (music, dance, circus, etc., according to the students interests), and theoretical studies (history, analysis, theory).
The basic requirements are: the commitment and interest necessary to complete the course. No previous experience is necessary.
</description>
 </event>
 <event id="7741">
  <name>Dresdner Jonglierfestival</name>
  <type>Juggling Conventions</type>
  <time>
   <start>2011-03-11</start>
   <duration>3</duration>
  </time>
  <location>
   <country>Germany</country>
   <address>Margon Arena, Dresden</address>
  </location>
  <contact>
   <website>http://www.jonglieren-dresden.de/</website>
   <email>ptheeg@hotmail.com</email>
  </contact>
  <description>whith Show, openstage and games</description>
 </event>
 <event id="7798">
  <name>Northwest Arkansas Juggling Festival</name>
  <type>Juggling Conventions</type>
  <time>
   <start>2011-03-11</start>
   <duration>3</duration>
  </time>
  <location>
   <country>United States</country>
   <address>Northwest Arkansas (UA in Fayetteville on Friday and Jones Center in Springdale on Saturday)</address>
  </location>
  <contact>
   <website>http://sites.google.com/site/jugglingrsoclub/upcoming-events/juggling-festival</website>
   <email/>
  </contact>
  <description>This year the Northwest Arkansas Juggling club is teaming up with the Razorback Jugglers  in hopes of making our festival bigger and better than ever before!  Friday March 11th the juggling will begin at the University of Arkansas HPER Building in gym 1 from 3PM-11PM.  This gym boasts a 35' ceiling with plenty of square footage for juggling. During this time there will be some juggling combat, club passing, FREE snacks, and a FREE show. Saturday the juggling will be at the Jones Center for Families.  The Jones Center is open from 8AM-10PM on Saturdays. Come take advantage of the Jones Center's 60' foot ceiling at the basketball gym and indoor track with plenty of square footage for unicycles, and huge passing patterns.  If you want a break from juggling on Saturday, walk down the hall to the Jones Center's Olympic sized ice skating rink and skate for $2, or you can go to the other side of the gym, go swimming for $2, and slide down the giant 30' slide in the indoor pool. Saturday there will be numerous juggling games, unicycle races, some prizes, a raffle, and a show in the chapel.  Then on Sunday we'll juggle some more, unicycle, and practice other circus arts as we see our juggling friends off.  The entire weekend is FREE and open to the public.

Be sure to stay tuned to the website to learn which special guests and performers we'll be bringing!  In addition to all the juggling in the gym on Friday and Saturday, we will have after hours juggling at local juggler Galen's juggling practice space at his house (this is also where we will juggle on Sunday).  Also, we have lots of crash space available (just let us know before hand via email or facebook if you need a place to crash).  Please email us for more information.  Thanks!  We hope to see YOU March 11-13 at our festival!  </description>
 </event>
 <event id="7823">
  <name>Humboldt Juggling Festival</name>
  <type>Juggling Conventions</type>
  <time>
   <start>2011-03-17</start>
   <duration>4</duration>
  </time>
  <location>
   <country>United States</country>
   <address>Humboldt State University, Arcata, CA</address>
  </location>
  <contact>
   <website>http://humboldtjugglingsociety.org</website>
   <email>manoguerra.michael@gmail.com</email>
  </contact>
  <description>The Humboldt Juggling Festival, now in its 11th year, is a four day event, hosted by the lovely Humboldt Juggling Society. the days are jam packed with workshops, a renegade show, a public show with world class preformers, and a fire show. there is also ample gym space to juggle, games, and good times with friendly, awesome people. Come up to Arcata for a good time in March!</description>
 </event>
 <event id="7737">
  <name>34th RIT Spring Juggle-In</name>
  <type>Juggling Conventions</type>
  <time>
   <start>2011-04-01</start>
   <duration>3</duration>
  </time>
  <location>
   <country>United States</country>
   <address>RIT in Rochester, NY</address>
  </location>
  <contact>
   <website>http://www.rit.edu/sg/jugglingclub/jugglein/</website>
   <email>ritjuggle@gmail.com</email>
  </contact>
  <description>The RIT Spring Juggle-In is one of the longest running juggling festivals in North America. Jugglers from around the nation come to join in the fun, with over 500 attendees expected typically. 
Known for great workshops and shows and the starting point of many great jugglers. In addition to great fun, this event also acts as a fundraiser for The Dystonia Medical Research Foundation, which will receive a portion of all profits.</description>
 </event>
 <event id="7793">
  <name>MONDO JuggleFest XXII</name>
  <type>Juggling Conventions</type>
  <time>
   <start>2011-04-01</start>
   <duration>3</duration>
  </time>
  <location>
   <country>United States</country>
   <address>Concordia University, Ganglehoff Center, St. Paul, Minnesota</address>
  </location>
  <contact>
   <website>http://www.mondofest.org/festival</website>
   <email>info@mondofest.org</email>
  </contact>
  <description>MONDO is the largest annual gathering of jugglers, unicyclists and yo-yo enthusiasts in the midwestern US, averaging 500+ participants each year.</description>
 </event>
 <event id="7727">
  <name>Tucson Juggling Festival</name>
  <type>Juggling Conventions</type>
  <time>
   <start>2011-04-08</start>
   <duration>3</duration>
  </time>
  <location>
   <country>United States</country>
   <address>Catalina State Park</address>
  </location>
  <contact>
   <website>http://tucsonjuggling.org/festival-2</website>
   <email>tucsonjugglingfestival@gmail.com</email>
  </contact>
  <description>The Tucson Juggling Festival is held at the Catalina State Park in the group camping area, so bring a tent and sleeping bag (there are also hotels very close if you prefer).  This is an informal gathering of jugglers who want to camp out and juggle.  Food is pot-luck for the weekend, so bring something to share and we'll make sure everyone is fed.</description>
 </event>
 <event id="7797">
  <name>British Juggling Convention 2011</name>
  <type>Juggling Conventions</type>
  <time>
   <start>2011-04-15</start>
   <duration>6</duration>
  </time>
  <location>
   <country>United Kingdom</country>
   <address>Harvey Hadden Stadium - Nottingham</address>
  </location>
  <contact>
   <website>http://www.bjc2011.co.uk</website>
   <email>enquiries@bjc2011.co.uk</email>
  </contact>
  <description>The 24th British Juggling Convention.

Something for everyone!</description>
 </event>
 <event id="7796">
  <name>pa(a)sfestival</name>
  <type>Juggling Conventions</type>
  <time>
   <start>2011-04-22</start>
   <duration>4</duration>
  </time>
  <location>
   <country>Netherlands</country>
   <address>bruggertstraat 60 7545 AX Enschede</address>
  </location>
  <contact>
   <website>http://www.circustijdgeest.nl</website>
   <email>info@circustijdgeest.nl</email>
  </contact>
  <description>Juggling and more possibility to camp and eat only after contact
more information please email
info@circustijdgeest.nl</description>
 </event>
 <event id="7822">
  <name>GMTW-German Muni und Trial Wochenende</name>
  <type>Workshops</type>
  <time>
   <start>2011-04-22</start>
   <duration>4</duration>
  </time>
  <location>
   <country>Germany</country>
   <address>Bikepark Zone B, Morenhaus</address>
  </location>
  <contact>
   <website>http://gmtw2011.de</website>
   <email>ptheeg@hotmail.com</email>
  </contact>
  <description>zu Ostern Einrad Trial und Downhill Wochenende , mit viel Austausch und Workshops

Bikepark Zone B, Moritzburger Straße 51, 01445 Radebeul, beim Mohrenhaus

Mit Zelten und Frühstück.

Es gibt einen fetten Trial Parkur und eine Downhillstrecke direkt vor der Tür, Lagerfeuer und Beamer.

Freitag 22.4.2011
    * Anreise
    * Palettenhoch/ -weitsprung
    * Aufbau Trial

Samstag 23.4.2011
    * Frühstück
    * Downhill
    * Uphill
    * Cross Country
    * Dual Cross (Ausscheidungsrennen)
    * Verfeinerung Trial

Sonntag 24.4.2011
    * Frühstück
    * Single Trial
    * North Shore
    * Trial (Vermutlich 2 Läufe mit 2 Stunden)

Montag 25.4.2011
    * Frühstück
    * Trial abbau,

Fakultativ waeren möglich:

    * Treppendownhill (Spitzhaustreppen)
    * Citytrial
    * einer besten Skatepark Lingnerallee (Dresden)
    * Munitour auf dem Kamm der Radebeuler Weinberge
    * Bergzeitfahren
    * 10 km, 42 km an der Elbe lang
    * sonstige Wünsche?

 
</description>
 </event>
 <event id="7825">
  <name>Santa Cruz Juggling Festival</name>
  <type>Juggling Conventions</type>
  <time>
   <start>2011-05-06</start>
   <duration>3</duration>
  </time>
  <location>
   <country>United States</country>
   <address>University of California, Santa Cruz</address>
  </location>
  <contact>
   <website>http://ucscjuggling.com/festival/</website>
   <email>sanjosejugglers@yahoo.com</email>
  </contact>
  <description>All are welcome to join us at the Santa Cruz 3rd annual juggling festival. The festival is 3 days long with workshops, games, shows, etc. Please go to the festival website for more information.</description>
 </event>
 <event id="7789">
  <name>Lestival IV - the 4th Leicester Circus Festival</name>
  <type>Juggling Conventions</type>
  <time>
   <start>2011-05-07</start>
   <duration>1</duration>
  </time>
  <location>
   <country>United Kingdom</country>
   <address>Brockington College, Enderby, Leicester</address>
  </location>
  <contact>
   <website>http://leicesterjugglers.org/lestival</website>
   <email>info@leicesterjugglers.org</email>
  </contact>
  <description>Give it up for the fourth incarnation of Lestival! The Leicester Circus Festival.

We have the best one-day venue in the UK, a spring bank holiday weekend to play with, the most spiffingest café ever known to convention-kind, and of course an international show.

Please, please come, you wont regret it, and all your mates will think you're dead cool.</description>
 </event>
 <event id="7806">
  <name>THE ROYAL ROUNDTOWER UNIRACER RALLY</name>
  <type>Festivals (Street festivals and performing arts events)</type>
  <time>
   <start>2011-05-21</start>
   <duration>1</duration>
  </time>
  <location>
   <country>Denmark</country>
   <address>Roundtower in Copenhagen</address>
  </location>
  <contact>
   <website>http://www.cirkusklub.dk/rundetaarn.htm</website>
   <email>dko4700@vip.cybercity.dk</email>
  </contact>
  <description>We invite you to come to Denmark next year and participate in the 30th year anniversary of The Roundtower UniRacer Rally.
Date 21 May 2011 at the Roundtower (Rundetårn) inside Copenhagen.

Beat the world record: 1.44 by Jesper Andersen and Jaku Nielsen 2.03.9

Here is a short description of the event, which takes place every year:
The Roundtower UniRacer Rally Is a unicycle ride up and down on a spiral path inside The RoundTower (210 meter up/down)  in Copenhagen, Denmark.
The Royal RoundTower UniRacer Rally 2011 will take place Saturday the 21 May 2011.
Call Jean : 65 96 80 20   / 20 12 60 77  e-mail :
dko4700@vip.cybercity.dk
Jean Asher will also be helpful with arranging eventual accommodation.
Address of Roundtower : Købmagergade 52 A Copenhagen 1150 K.

The competition is to unicycle up and down without touching, falling or receiving help from anybody and the fastest male and female, irrespectively of age, are the winners.
Registration : Next to the Roundtower, same day, between 10-12 o'clock.
Price : 100 Dkr or app.$ 20 or 15 euro or 10 £.
It is a demand that the participants are dressed up fancy, funny or freakish.
No sponsor clothes, without permission.

Participants are divided into various group ages : 0-9,10-12, 13-15, 16-18, adults..-up and out.
Each individual start within his/her group in succession to the time of registration.
Each individual start within his/her group with 15/30 seconds interval.
All starts are with electronic chips.

There are position app.between 18-20 judges all the way up and they record any irregularities.
The spiral path itself is app. one and a half meter wide for up-riding participants, and the same for down-riding participants.The length is 210 meter up and app. the same down... off cause this is all depending upon the route or more precisely on the state of mind in which the unirider is.
It is permissible til sing, ride with one foot, play flute, backward, blindfolded ect....

All participants must be dressed up or off .... the judges, particularly our old half senile, half genius unicycle freak, Initiator, activator,primus motor, originator ( in this sequence) and chairman from the only unicycle circus in the world, Circus ChangHigh...Doctor Chango alias Jean Arthur Ascher is very strict and keen to see to it, that the publicity (all the viewers inside and outside the RoundTower) get a extraordinary unique life experience into their mind, heart, soul and spirit.

Between 12 o'clock and 2 o'clock we take photographs, eat lunch ((warning : Eating can be haphazardly dangerous to your race position) but on the other wheel (read hand) not eating could cause you to faint before racing the top or in case of severe starvation could cause you to fall dead from a heart attack or stroke.) We warn you... participating is on your own risk.
Unicycle demands: 20&amp;quot; wheel and no chain or gearing. The lengths of crank arms is up to the rider.
The Unicycle Race starts app. precisely, somewhere around the fixed time which is set to 2 o'clock with horn blowing.

The doors to the RoundTower close and from now on and until the last unirider either pass the finish line or give up you are on your own....Good vibration and may the cosmic universal power and force be within you.

After, we gather outside and have fun,and as soon as the judges have calculated the results, we proclaim the winners.

Prizes: Best female and male in all categories: Fasted time, in each group, most original dress, most original unicycle. (Dress and unicycle must be in use under the race.)
The Royal RoundTower UniRacer Rally 2011 will take place Saturday the 21 of May 2011.
Everybody is welcome, the Royal Roundtower Unicycle Race is open for all mortals as well as immortals in the Grand Universe.

Jean Ascher</description>
 </event>
 <event id="7801">
  <name>Professional Residential Clown Course</name>
  <type>Workshops</type>
  <time>
   <start>2011-05-29</start>
   <duration>28</duration>
  </time>
  <location>
   <country>Spain</country>
   <address>Escola de Clown de Barcelona</address>
  </location>
  <contact>
   <website>http://www.escoladeclown.eu</website>
   <email>info@escoladeclown.eu</email>
  </contact>
  <description>PROFESSIONAL RESIDENTIAL CLOWN COURSE:
Taught in English and Castelliano. 

29th May  26th June 2011
144 hours, 6 days/week, 6 hours/day min.

You can find full details here:
http://www.escoladeclown.eu/english/long%20courses.html

Or call us on +34 933042486 or +34 622 110 537 
Or email us at: info@escoladeclown.eu

The Professional Clown Course is a residential course with a total of 144 hours of classes, spread over a 6-day week.
This course offers a broad training ranging from the pleasure of play, of life, which is the driving force of Clown, to the creation of Clown numbers in the final performance. We will work through the various stages of the Clown process: openness, pleasure, humility, freedom, craziness, ridiculousness, imbalance, status, generosity, the flop, intelligence and types of intelligence or stupidity, sharing with and giving to the audience, the mirror effect, the relationship with other clowns (solos/duos/trios/ensembles) and with the audience, admiration, sincerity, focus, surprise, energy, failure and success... How to speak as Clown? How to dress as Clown? How to think as Clown? Ways of creating a Clown number: from improvisation to a script, with text or without, traditional or contemporary, with or without music, with or without props. What is the difference between performing for adults and children, in the street and in the theatre? How to work from your own personality and knowledge in order to create a number. The rules of humour. The Clown and other disciplines (music, dance, circus, etc., according to the students interests), and theoretical studies (history, analysis, theory).
The basic requirements are: the commitment and interest necessary to complete the course!</description>
 </event>
 <event id="7819">
  <name>Boudu La Jongle</name>
  <type>Juggling Conventions</type>
  <time>
   <start>2011-05-31</start>
   <duration>6</duration>
  </time>
  <location>
   <country>France</country>
   <address>Toulouse</address>
  </location>
  <contact>
   <website>http://www.parhazart.org</website>
   <email>parhazart@gmail.com</email>
  </contact>
  <description>10th edition of the Boudu La Jongle juggling convention, in the pink town of south of France Toulouse !</description>
 </event>
 <event id="7824">
  <name>Thomas Dietz Workshop 2011</name>
  <type>Workshops</type>
  <time>
   <start>2011-06-02</start>
   <duration>4</duration>
  </time>
  <location>
   <country>Germany</country>
   <address>Regensburg</address>
  </location>
  <contact>
   <website>http://www.facebook.com/event.php?eid=133420383384890&amp;ref=mf</website>
   <email>tom@thx.de</email>
  </contact>
  <description>Thomas Dietz Workshop 2011

This workshop is for everybody!

WHEN: 2. - 5. June 2011

WHERE: Don Bosco Jugendwohnheim
Hans-Sachs-Straße 4
93049 Regensburg

HOW: Thursday 3pm - Sunday 2pm
24 hour's Hall for Workshop and Juggling

WHAT: Improve your Juggling in 4 days

TECHNIQUE * CONTROL * MOTIVATION 


HOW MUCH?
* 4 Days of Juggling
* incl. breakfast!
* accommodation Gym (don't forget to bring your sleeping bag).
* warm shower!
* many different workshops,
* 24 hour's practice in the hall.
* nice area to practice outside.
* incl a small Show on saturday.


Costs: 98 


Guests: comming soon



The number of participants is limited!

Registration via Mail
EMail: tom@thx.de</description>
 </event>
 <event id="7795">
  <name>Eksjö Juggling Convention 2011</name>
  <type>Juggling Conventions</type>
  <time>
   <start>2011-06-03</start>
   <duration>3</duration>
  </time>
  <location>
   <country>Sweden</country>
   <address>Eksjö </address>
  </location>
  <contact>
   <website>http://www.facebook.com/event.php?eid=155936684427837</website>
   <email>lenndo@hotmail.de</email>
  </contact>
  <description/>
 </event>
 <event id="7808">
  <name>Circalira 2 </name>
  <type>Juggling Conventions</type>
  <time>
   <start>2011-06-04</start>
   <duration>1</duration>
  </time>
  <location>
   <country>Spain</country>
   <address>Ripoll. . Catalunya. . (Pyrenees 90 mins north of Barcelona) </address>
  </location>
  <contact>
   <website>http://www.facebook.com/pages/CIRCALIRA/121183491241832</website>
   <email>bezerkaz@hotmail.com</email>
  </contact>
  <description>un dia de malabars, passapoble, espectacle
vine a participar, divertir, practicar i aprender!!!
www.bezerkaz.co.uk    i www.cercacirc.com

A day of juggling, walkabouts, show and workshops. In a beautiful town in the Pyranees, Catalonia ( northern Spain ) 
Please do come along and have a juggle!!

www.bezerkaz.co.uk     www.cercacirc.com

</description>
 </event>
 <event id="7820">
  <name>Berlin Juggling Convention | Berliner Jonglier Convention</name>
  <type>Juggling Conventions</type>
  <time>
   <start>2011-06-23</start>
   <duration>4</duration>
  </time>
  <location>
   <country>Germany</country>
   <address>FEZ Wuhlheide | An der Wuhlheide 197 | Berlin</address>
  </location>
  <contact>
   <website>http://circulum.de/convention/11/</website>
   <email>convention@circulum.de</email>
  </contact>
  <description>----------------
GERMAN
----------------

1te Berline Jonglier Convention 2011

Preise, Anmeldung und weitere Informationen demnächst auf der Webseite

Im Preis enthalten:
4 Tage Jonglieren
3x Frühstück
3x Zelten am Sandstrand
2x Show (Open Stage und Galashow)
und vieles mehr


----------------
ENGLISH
----------------

11th Berlin Juggling Convention

prices, registration and further information in a few weeks on the website

Included in the registration fee:
4 days of juggling
3x breakfast
3x camping at the beach
2x Show (Open Stage and Public Show)
and many more
</description>
 </event>
 <event id="7817">
  <name>2011 IJA Juggling Festival</name>
  <type>Juggling Conventions</type>
  <time>
   <start>2011-07-18</start>
   <duration>7</duration>
  </time>
  <location>
   <country>United States</country>
   <address>Mayo Civic Center, Rochester, Minnesota</address>
  </location>
  <contact>
   <website>http://www.juggle.org/festival</website>
   <email>festival2011@juggle.org</email>
  </contact>
  <description>The annual IJA festival with scores of workshops, five shows (with numerous featured artists) and plenty of great juggling space all under one roof in the Mayo Civic Center.</description>
 </event>
 <event id="7802">
  <name>Professional Residential Clown Course</name>
  <type>Workshops</type>
  <time>
   <start>2011-08-01</start>
   <duration>28</duration>
  </time>
  <location>
   <country>Spain</country>
   <address>Escola de Clown de Barcelona</address>
  </location>
  <contact>
   <website>http://www.escoladeclown.eu</website>
   <email>info@escoladeclown.eu</email>
  </contact>
  <description>PROFESSIONAL RESIDENTIAL CLOWN COURSE:
Taught in English and Castelliano. 

1st August  28th August 2011
144 hours, 6 days/week, 6 hours/day min.

You can find full details here:
http://www.escoladeclown.eu/english/long%20courses.html

Or call us on +34 933042486 or +34 622 110 537 
Or email us at: info@escoladeclown.eu

The Professional Clown Course is a residential course with a total of 144 hours of classes, spread over a 6-day week.
This course offers a broad training ranging from the pleasure of play, of life, which is the driving force of Clown, to the creation of Clown numbers in the final performance. We will work through the various stages of the Clown process: openness, pleasure, humility, freedom, craziness, ridiculousness, imbalance, status, generosity, the flop, intelligence and types of intelligence or stupidity, sharing with and giving to the audience, the mirror effect, the relationship with other clowns (solos/duos/trios/ensembles) and with the audience, admiration, sincerity, focus, surprise, energy, failure and success... How to speak as Clown? How to dress as Clown? How to think as Clown? Ways of creating a Clown number: from improvisation to a script, with text or without, traditional or contemporary, with or without music, with or without props. What is the difference between performing for adults and children, in the street and in the theatre? How to work from your own personality and knowledge in order to create a number. The rules of humour. The Clown and other disciplines (music, dance, circus, etc., according to the students interests), and theoretical studies (history, analysis, theory).
The basic requirements are: the commitment and interest necessary to complete the course!</description>
 </event>
 <event id="7784">
  <name>EJC (Europäischen Jonglierconvention)</name>
  <type>Juggling Conventions</type>
  <time>
   <start>2011-08-06</start>
   <duration>9</duration>
  </time>
  <location>
   <country>Germany</country>
   <address>München</address>
  </location>
  <contact>
   <website>http://www.ejc2011.org/</website>
   <email>info@ejc2011.de</email>
  </contact>
  <description/>
 </event>
 <event id="7662">
  <name>35th European Juggling Convention (EJC) 2012</name>
  <type>Juggling Conventions</type>
  <time>
   <start>2012-07-28</start>
   <duration>9</duration>
  </time>
  <location>
   <country>Poland</country>
   <address>Lublin</address>
  </location>
  <contact>
   <website>http://www.ejc2012.org</website>
   <email/>
  </contact>
  <description/>
 </event>
</events>