﻿<?xml version="1.0" encoding="UTF-8"?>
<history generated="2009/02/03 10:51:02 GMT+0000">
  <series>FTSE 250</series>
  <code>MCX</code>
  <isin>GB0001384287</isin>
  <dataPoints>
    <dataPoint date="2009/02/03 08:01:00 GMT+0000" change="21.61" changePercent="0.36" value="6073.99"></dataPoint>
    <dataPoint date="2009/02/03 08:02:45 GMT+0000" change="16.11" changePercent="0.27" value="6068.49"></dataPoint>
    <dataPoint date="2009/02/03 08:04:45 GMT+0000" change="15.26" changePercent="0.25" value="6067.64"></dataPoint>
    <dataPoint date="2009/02/03 08:06:45 GMT+0000" change="28.96" changePercent="0.48" value="6081.34"></dataPoint>
    <dataPoint date="2009/02/03 08:08:45 GMT+0000" change="25.76" changePercent="0.43" value="6078.14"></dataPoint>
    <dataPoint date="2009/02/03 08:10:45 GMT+0000" change="25.19" changePercent="0.42" value="6077.57"></dataPoint>
    <dataPoint date="2009/02/03 08:12:45 GMT+0000" change="25.8" changePercent="0.43" value="6078.18"></dataPoint>
    <dataPoint date="2009/02/03 08:14:45 GMT+0000" change="26.39" changePercent="0.44" value="6078.77"></dataPoint>
    <dataPoint date="2009/02/03 08:16:45 GMT+0000" change="25.62" changePercent="0.42" value="6078.0"></dataPoint>
    <dataPoint date="2009/02/03 08:18:45 GMT+0000" change="27.2" changePercent="0.45" value="6079.58"></dataPoint>
    <dataPoint date="2009/02/03 08:20:45 GMT+0000" change="28.89" changePercent="0.48" value="6081.27"></dataPoint>
    <dataPoint date="2009/02/03 08:22:45 GMT+0000" change="29.23" changePercent="0.48" value="6081.61"></dataPoint>
    <dataPoint date="2009/02/03 08:24:45 GMT+0000" change="26.39" changePercent="0.44" value="6078.77"></dataPoint>
    <dataPoint date="2009/02/03 08:26:45 GMT+0000" change="27.31" changePercent="0.45" value="6079.69"></dataPoint>
    <dataPoint date="2009/02/03 08:28:45 GMT+0000" change="23.84" changePercent="0.39" value="6076.22"></dataPoint>
    <dataPoint date="2009/02/03 08:30:45 GMT+0000" change="21.07" changePercent="0.35" value="6073.45"></dataPoint>
    <dataPoint date="2009/02/03 08:32:45 GMT+0000" change="20.67" changePercent="0.34" value="6073.05"></dataPoint>
    <dataPoint date="2009/02/03 08:34:45 GMT+0000" change="22.3" changePercent="0.37" value="6074.68"></dataPoint>
    <dataPoint date="2009/02/03 08:36:45 GMT+0000" change="23.09" changePercent="0.38" value="6075.47"></dataPoint>
    <dataPoint date="2009/02/03 08:38:45 GMT+0000" change="26.19" changePercent="0.43" value="6078.57"></dataPoint>
    <dataPoint date="2009/02/03 08:40:45 GMT+0000" change="27.46" changePercent="0.45" value="6079.84"></dataPoint>
    <dataPoint date="2009/02/03 08:42:45 GMT+0000" change="30.35" changePercent="0.5" value="6082.73"></dataPoint>
    <dataPoint date="2009/02/03 08:44:45 GMT+0000" change="33.54" changePercent="0.55" value="6085.92"></dataPoint>
    <dataPoint date="2009/02/03 08:46:45 GMT+0000" change="37.85" changePercent="0.63" value="6090.23"></dataPoint>
    <dataPoint date="2009/02/03 08:48:45 GMT+0000" change="34.81" changePercent="0.58" value="6087.19"></dataPoint>
    <dataPoint date="2009/02/03 08:50:45 GMT+0000" change="31.68" changePercent="0.52" value="6084.06"></dataPoint>
    <dataPoint date="2009/02/03 08:52:45 GMT+0000" change="31.53" changePercent="0.52" value="6083.91"></dataPoint>
    <dataPoint date="2009/02/03 08:54:45 GMT+0000" change="33.23" changePercent="0.55" value="6085.61"></dataPoint>
    <dataPoint date="2009/02/03 08:56:45 GMT+0000" change="33.62" changePercent="0.56" value="6086.0"></dataPoint>
    <dataPoint date="2009/02/03 08:58:45 GMT+0000" change="35.1" changePercent="0.58" value="6087.48"></dataPoint>
    <dataPoint date="2009/02/03 09:00:45 GMT+0000" change="36.41" changePercent="0.6" value="6088.79"></dataPoint>
    <dataPoint date="2009/02/03 09:02:45 GMT+0000" change="35.78" changePercent="0.59" value="6088.16"></dataPoint>
    <dataPoint date="2009/02/03 09:04:45 GMT+0000" change="40.01" changePercent="0.66" value="6092.39"></dataPoint>
    <dataPoint date="2009/02/03 09:06:45 GMT+0000" change="40.61" changePercent="0.67" value="6092.99"></dataPoint>
    <dataPoint date="2009/02/03 09:08:45 GMT+0000" change="43.36" changePercent="0.72" value="6095.74"></dataPoint>
    <dataPoint date="2009/02/03 09:10:45 GMT+0000" change="43.26" changePercent="0.71" value="6095.64"></dataPoint>
    <dataPoint date="2009/02/03 09:12:45 GMT+0000" change="41.87" changePercent="0.69" value="6094.25"></dataPoint>
    <dataPoint date="2009/02/03 09:14:45 GMT+0000" change="39.08" changePercent="0.65" value="6091.46"></dataPoint>
    <dataPoint date="2009/02/03 09:16:45 GMT+0000" change="39.49" changePercent="0.65" value="6091.87"></dataPoint>
    <dataPoint date="2009/02/03 09:18:45 GMT+0000" change="37.91" changePercent="0.63" value="6090.29"></dataPoint>
    <dataPoint date="2009/02/03 09:20:45 GMT+0000" change="39.01" changePercent="0.64" value="6091.39"></dataPoint>
    <dataPoint date="2009/02/03 09:22:45 GMT+0000" change="42.52" changePercent="0.7" value="6094.9"></dataPoint>
    <dataPoint date="2009/02/03 09:24:45 GMT+0000" change="42.16" changePercent="0.7" value="6094.54"></dataPoint>
    <dataPoint date="2009/02/03 09:26:45 GMT+0000" change="38.63" changePercent="0.64" value="6091.01"></dataPoint>
    <dataPoint date="2009/02/03 09:28:45 GMT+0000" change="34.29" changePercent="0.57" value="6086.67"></dataPoint>
    <dataPoint date="2009/02/03 09:30:45 GMT+0000" change="32.88" changePercent="0.54" value="6085.26"></dataPoint>
    <dataPoint date="2009/02/03 09:32:45 GMT+0000" change="29.94" changePercent="0.49" value="6082.32"></dataPoint>
    <dataPoint date="2009/02/03 09:34:45 GMT+0000" change="28.79" changePercent="0.48" value="6081.17"></dataPoint>
    <dataPoint date="2009/02/03 09:36:45 GMT+0000" change="30.17" changePercent="0.5" value="6082.55"></dataPoint>
    <dataPoint date="2009/02/03 09:38:45 GMT+0000" change="33.27" changePercent="0.55" value="6085.65"></dataPoint>
    <dataPoint date="2009/02/03 09:40:45 GMT+0000" change="31.88" changePercent="0.53" value="6084.26"></dataPoint>
    <dataPoint date="2009/02/03 09:42:45 GMT+0000" change="30.2" changePercent="0.5" value="6082.58"></dataPoint>
    <dataPoint date="2009/02/03 09:44:45 GMT+0000" change="27.95" changePercent="0.46" value="6080.33"></dataPoint>
    <dataPoint date="2009/02/03 09:46:45 GMT+0000" change="24.5" changePercent="0.4" value="6076.88"></dataPoint>
    <dataPoint date="2009/02/03 09:48:45 GMT+0000" change="23.88" changePercent="0.39" value="6076.26"></dataPoint>
    <dataPoint date="2009/02/03 09:50:45 GMT+0000" change="25.73" changePercent="0.43" value="6078.11"></dataPoint>
    <dataPoint date="2009/02/03 09:52:45 GMT+0000" change="28.0" changePercent="0.46" value="6080.38"></dataPoint>
    <dataPoint date="2009/02/03 09:54:45 GMT+0000" change="29.83" changePercent="0.49" value="6082.21"></dataPoint>
    <dataPoint date="2009/02/03 09:56:45 GMT+0000" change="27.43" changePercent="0.45" value="6079.81"></dataPoint>
    <dataPoint date="2009/02/03 09:58:45 GMT+0000" change="25.76" changePercent="0.43" value="6078.14"></dataPoint>
    <dataPoint date="2009/02/03 10:00:45 GMT+0000" change="19.34" changePercent="0.32" value="6071.72"></dataPoint>
    <dataPoint date="2009/02/03 10:02:45 GMT+0000" change="15.04" changePercent="0.25" value="6067.42"></dataPoint>
    <dataPoint date="2009/02/03 10:04:45 GMT+0000" change="14.77" changePercent="0.24" value="6067.15"></dataPoint>
    <dataPoint date="2009/02/03 10:06:45 GMT+0000" change="10.35" changePercent="0.17" value="6062.73"></dataPoint>
    <dataPoint date="2009/02/03 10:08:45 GMT+0000" change="9.98" changePercent="0.16" value="6062.36"></dataPoint>
    <dataPoint date="2009/02/03 10:10:45 GMT+0000" change="6.73" changePercent="0.11" value="6059.11"></dataPoint>
    <dataPoint date="2009/02/03 10:12:45 GMT+0000" change="2.88" changePercent="0.05" value="6055.26"></dataPoint>
    <dataPoint date="2009/02/03 10:14:45 GMT+0000" change="-2.8" changePercent="-0.05" value="6049.58"></dataPoint>
    <dataPoint date="2009/02/03 10:16:45 GMT+0000" change="-5.48" changePercent="-0.09" value="6046.9"></dataPoint>
    <dataPoint date="2009/02/03 10:18:45 GMT+0000" change="-8.09" changePercent="-0.13" value="6044.29"></dataPoint>
    <dataPoint date="2009/02/03 10:20:45 GMT+0000" change="-12.83" changePercent="-0.21" value="6039.55"></dataPoint>
    <dataPoint date="2009/02/03 10:22:45 GMT+0000" change="-14.59" changePercent="-0.24" value="6037.79"></dataPoint>
    <dataPoint date="2009/02/03 10:24:45 GMT+0000" change="-12.8" changePercent="-0.21" value="6039.58"></dataPoint>
    <dataPoint date="2009/02/03 10:26:45 GMT+0000" change="-11.03" changePercent="-0.18" value="6041.35"></dataPoint>
    <dataPoint date="2009/02/03 10:28:45 GMT+0000" change="-11.47" changePercent="-0.19" value="6040.91"></dataPoint>
    <dataPoint date="2009/02/03 10:30:45 GMT+0000" change="-10.33" changePercent="-0.17" value="6042.05"></dataPoint>
    <dataPoint date="2009/02/03 10:32:45 GMT+0000" change="-8.95" changePercent="-0.15" value="6043.43"></dataPoint>
    <dataPoint date="2009/02/03 10:34:45 GMT+0000" change="-11.19" changePercent="-0.18" value="6041.19"></dataPoint>
    <dataPoint date="2009/02/03 10:36:45 GMT+0000" change="-5.3" changePercent="-0.09" value="6047.08"></dataPoint>
    <dataPoint date="2009/02/03 10:38:45 GMT+0000" change="-3.22" changePercent="-0.05" value="6049.16"></dataPoint>
    <dataPoint date="2009/02/03 10:40:45 GMT+0000" change="-0.55" changePercent="-0.01" value="6051.83"></dataPoint>
    <dataPoint date="2009/02/03 10:42:45 GMT+0000" change="0.76" changePercent="0.01" value="6053.14"></dataPoint>
    <dataPoint date="2009/02/03 10:44:45 GMT+0000" change="1.48" changePercent="0.02" value="6053.86"></dataPoint>
    <dataPoint date="2009/02/03 10:46:45 GMT+0000" change="2.92" changePercent="0.05" value="6055.3"></dataPoint>
    <dataPoint date="2009/02/03 10:48:45 GMT+0000" change="2.85" changePercent="0.05" value="6055.23"></dataPoint>
    <dataPoint date="2009/02/03 10:50:45 GMT+0000" change="0.4" changePercent="0.01" value="6052.78"></dataPoint>
  </dataPoints>
</history>