﻿<?xml version="1.0" encoding="utf-8"?>
<Deployment xmlns="http://schemas.microsoft.com/windowsphone/2009/deployment" AppPlatformVersion="7.1">
  <App xmlns="" ProductID="{16782d49-b494-4f58-bec6-7d2e7846e16b}" Title="GapExample" RuntimeType="Silverlight" Version="1.0.0.0" Genre="apps.normal" Author="GapExample author" Description="Sample description" Publisher="GapExample">
    <IconPath IsRelative="true" IsResource="false">ApplicationIcon.png</IconPath>
    <Capabilities>
      <!--<Capability Name="ID_CAP_APPOINTMENTS"/>-->
      <Capability Name="ID_CAP_CAMERA"/>
      <Capability Name="ID_CAP_CONTACTS"/>
      <!--<Capability Name="ID_CAP_FILEVIEWER"/>-->
      <!--<Capability Name="ID_CAP_GAMERSERVICES" />-->
      <Capability Name="ID_CAP_IDENTITY_DEVICE" />
      <Capability Name="ID_CAP_IDENTITY_USER" />
      <!--<Capability Name="ID_CAP_INTEROPSERVICES"/>-->
      <!--<Capability Name="ID_CAP_ISV_CAMERA"/>-->      
      <Capability Name="ID_CAP_LOCATION" />
      <Capability Name="ID_CAP_MEDIALIB" />
      <Capability Name="ID_CAP_MICROPHONE" />
      <Capability Name="ID_CAP_NETWORKING" />

      <Capability Name="ID_CAP_PHONEDIALER" />
      <Capability Name="ID_CAP_PUSH_NOTIFICATION" />
      <Capability Name="ID_CAP_RINGTONE_ADD"/>
      <Capability Name="ID_CAP_SENSORS" />
      <Capability Name="ID_CAP_WEBBROWSERCOMPONENT" />
    </Capabilities>
    <Tasks>
      <DefaultTask Name="_default" NavigationPage="MainPage.xaml" />
    </Tasks>
    <Tokens>
      <PrimaryToken TokenID="GapExampleToken" TaskName="_default">
        <TemplateType5>
          <BackgroundImageURI IsRelative="true" IsResource="false">Background.png</BackgroundImageURI>
          <Count>0</Count>
          <Title>GapExample</Title>
        </TemplateType5>
      </PrimaryToken>
    </Tokens>
  </App>
</Deployment>