<?xml version="1.0" encoding="utf-8"?>
<!-- This file is auto-generated, do not edit! -jm -->
<GapSourceDictionary>
    <FilePath Value="www\1.html"/>
    <FilePath Value="www\10.html"/>
    <FilePath Value="www\11.html"/>
    <FilePath Value="www\12.html"/>
    <FilePath Value="www\13.html"/>
    <FilePath Value="www\14.html"/>
    <FilePath Value="www\15.html"/>
    <FilePath Value="www\16.html"/>
    <FilePath Value="www\17.html"/>
    <FilePath Value="www\18.html"/>
    <FilePath Value="www\19.html"/>
    <FilePath Value="www\2.html"/>
    <FilePath Value="www\20.html"/>
    <FilePath Value="www\21.html"/>
    <FilePath Value="www\22.html"/>
    <FilePath Value="www\23.html"/>
    <FilePath Value="www\24.html"/>
    <FilePath Value="www\25.html"/>
    <FilePath Value="www\26.html"/>
    <FilePath Value="www\27.html"/>
    <FilePath Value="www\28.html"/>
    <FilePath Value="www\29.html"/>
    <FilePath Value="www\3.html"/>
    <FilePath Value="www\4.html"/>
    <FilePath Value="www\5.html"/>
    <FilePath Value="www\6.html"/>
    <FilePath Value="www\7.html"/>
    <FilePath Value="www\8.html"/>
    <FilePath Value="www\9.html"/>
    <FilePath Value="www\about.html"/>
    <FilePath Value="www\background.jpg"/>
    <FilePath Value="www\console.js"/>
    <FilePath Value="www\index.html"/>
    <FilePath Value="www\master.css"/>
    <FilePath Value="www\phonegap-1.3.rc1.js"/>
</GapSourceDictionary>
