<?xml version="1.0" encoding="utf-8"?>
<!-- This file is auto-generated, do not edit! -jm -->
<GapSourceDictionary>
    <FilePath Value="www\app.js"/>
    <FilePath Value="www\index.html"/>
    <FilePath Value="www\master.css"/>
    <FilePath Value="www\wp7.css"/>
    <FilePath Value="www\lib\jquery-1.6.4.js"/>
    <FilePath Value="www\lib\jquery.easing.1.3.js"/>
    <FilePath Value="www\lib\jquery.tmpl.js"/>
    <FilePath Value="www\lib\knockout-1.2.1.js"/>
    <FilePath Value="www\lib\phonegap-1.3.0.js"/>
    <FilePath Value="www\view\tweetView.html"/>
    <FilePath Value="www\view\twitterSearchView.html"/>
    <FilePath Value="www\viewModel\applicationViewModel.js"/>
    <FilePath Value="www\viewModel\tweetViewModel.js"/>
    <FilePath Value="www\viewModel\twitterSearchViewModel.js"/>
</GapSourceDictionary>
